filename,path,label,class,width,height,size_kb
genuine_0000.png,dataset/genuine\genuine_0000.png,1,genuine,226,83,27.44
genuine_0001.png,dataset/genuine\genuine_0001.png,1,genuine,272,91,33.11
genuine_0002.png,dataset/genuine\genuine_0002.png,1,genuine,166,83,20.03
genuine_0003.png,dataset/genuine\genuine_0003.png,1,genuine,250,62,23.51
genuine_0004.png,dataset/genuine\genuine_0004.png,1,genuine,217,79,26.68
genuine_0005.png,dataset/genuine\genuine_0005.png,1,genuine,175,85,20.88
genuine_0006.png,dataset/genuine\genuine_0006.png,1,genuine,217,68,22.77
genuine_0007.png,dataset/genuine\genuine_0007.png,1,genuine,210,89,27.15
genuine_0008.png,dataset/genuine\genuine_0008.png,1,genuine,221,109,29.51
genuine_0009.png,dataset/genuine\genuine_0009.png,1,genuine,224,62,21.3
genuine_0010.png,dataset/genuine\genuine_0010.png,1,genuine,239,101,33.21
genuine_0011.png,dataset/genuine\genuine_0011.png,1,genuine,167,80,18.91
genuine_0012.png,dataset/genuine\genuine_0012.png,1,genuine,247,89,30.82
genuine_0013.png,dataset/genuine\genuine_0013.png,1,genuine,184,104,28.51
genuine_0014.png,dataset/genuine\genuine_0014.png,1,genuine,181,95,23.86
genuine_0015.png,dataset/genuine\genuine_0015.png,1,genuine,225,60,21.75
genuine_0016.png,dataset/genuine\genuine_0016.png,1,genuine,217,93,29.87
genuine_0017.png,dataset/genuine\genuine_0017.png,1,genuine,171,80,20.1
genuine_0018.png,dataset/genuine\genuine_0018.png,1,genuine,221,85,27.08
genuine_0019.png,dataset/genuine\genuine_0019.png,1,genuine,171,91,23.65
genuine_0020.png,dataset/genuine\genuine_0020.png,1,genuine,196,81,21.53
genuine_0021.png,dataset/genuine\genuine_0021.png,1,genuine,224,63,21.58
genuine_0022.png,dataset/genuine\genuine_0022.png,1,genuine,218,110,31.95
genuine_0023.png,dataset/genuine\genuine_0023.png,1,genuine,183,86,20.47
genuine_0024.png,dataset/genuine\genuine_0024.png,1,genuine,210,83,25.74
genuine_0025.png,dataset/genuine\genuine_0025.png,1,genuine,232,103,31.93
genuine_0026.png,dataset/genuine\genuine_0026.png,1,genuine,178,88,22.09
genuine_0027.png,dataset/genuine\genuine_0027.png,1,genuine,249,69,25.38
genuine_0028.png,dataset/genuine\genuine_0028.png,1,genuine,219,107,32.55
genuine_0029.png,dataset/genuine\genuine_0029.png,1,genuine,163,76,18.16
genuine_0030.png,dataset/genuine\genuine_0030.png,1,genuine,191,88,24.29
genuine_0031.png,dataset/genuine\genuine_0031.png,1,genuine,184,90,23.55
genuine_0032.png,dataset/genuine\genuine_0032.png,1,genuine,202,80,23.07
genuine_0033.png,dataset/genuine\genuine_0033.png,1,genuine,186,90,23.44
genuine_0034.png,dataset/genuine\genuine_0034.png,1,genuine,194,90,24.62
genuine_0035.png,dataset/genuine\genuine_0035.png,1,genuine,234,103,33.45
genuine_0036.png,dataset/genuine\genuine_0036.png,1,genuine,257,109,35.16
genuine_0037.png,dataset/genuine\genuine_0037.png,1,genuine,235,114,35.07
genuine_0038.png,dataset/genuine\genuine_0038.png,1,genuine,256,120,36.44
genuine_0039.png,dataset/genuine\genuine_0039.png,1,genuine,256,131,40.62
genuine_0040.png,dataset/genuine\genuine_0040.png,1,genuine,227,105,32.9
genuine_0041.png,dataset/genuine\genuine_0041.png,1,genuine,206,92,27.62
genuine_0042.png,dataset/genuine\genuine_0042.png,1,genuine,230,104,33.31
genuine_0043.png,dataset/genuine\genuine_0043.png,1,genuine,230,107,31.41
genuine_0044.png,dataset/genuine\genuine_0044.png,1,genuine,249,105,34.94
genuine_0045.png,dataset/genuine\genuine_0045.png,1,genuine,141,51,14.11
genuine_0046.png,dataset/genuine\genuine_0046.png,1,genuine,142,57,14.99
genuine_0047.png,dataset/genuine\genuine_0047.png,1,genuine,166,61,17.24
genuine_0048.png,dataset/genuine\genuine_0048.png,1,genuine,162,60,16.27
genuine_0049.png,dataset/genuine\genuine_0049.png,1,genuine,156,59,16.22
genuine_0050.png,dataset/genuine\genuine_0050.png,1,genuine,135,91,18.64
genuine_0051.png,dataset/genuine\genuine_0051.png,1,genuine,157,81,18.97
genuine_0052.png,dataset/genuine\genuine_0052.png,1,genuine,162,87,20.91
genuine_0053.png,dataset/genuine\genuine_0053.png,1,genuine,169,78,18.66
genuine_0054.png,dataset/genuine\genuine_0054.png,1,genuine,153,74,17.64
genuine_0055.png,dataset/genuine\genuine_0055.png,1,genuine,176,58,17.12
genuine_0056.png,dataset/genuine\genuine_0056.png,1,genuine,208,50,16.64
genuine_0057.png,dataset/genuine\genuine_0057.png,1,genuine,206,64,19.5
genuine_0058.png,dataset/genuine\genuine_0058.png,1,genuine,222,58,18.37
genuine_0059.png,dataset/genuine\genuine_0059.png,1,genuine,230,54,18.69
genuine_0060.png,dataset/genuine\genuine_0060.png,1,genuine,236,47,17.53
genuine_0061.png,dataset/genuine\genuine_0061.png,1,genuine,296,57,22.9
genuine_0062.png,dataset/genuine\genuine_0062.png,1,genuine,318,64,26.46
genuine_0063.png,dataset/genuine\genuine_0063.png,1,genuine,291,55,21.73
genuine_0064.png,dataset/genuine\genuine_0064.png,1,genuine,343,62,26.49
genuine_0065.png,dataset/genuine\genuine_0065.png,1,genuine,231,104,34.23
genuine_0066.png,dataset/genuine\genuine_0066.png,1,genuine,214,84,27.65
genuine_0067.png,dataset/genuine\genuine_0067.png,1,genuine,210,83,27.69
genuine_0068.png,dataset/genuine\genuine_0068.png,1,genuine,205,74,24.35
genuine_0069.png,dataset/genuine\genuine_0069.png,1,genuine,222,84,29.31
genuine_0070.png,dataset/genuine\genuine_0070.png,1,genuine,225,73,23.95
genuine_0071.png,dataset/genuine\genuine_0071.png,1,genuine,244,72,27.7
genuine_0072.png,dataset/genuine\genuine_0072.png,1,genuine,261,75,28.15
genuine_0073.png,dataset/genuine\genuine_0073.png,1,genuine,259,85,31.7
genuine_0074.png,dataset/genuine\genuine_0074.png,1,genuine,253,75,28.1
genuine_0075.png,dataset/genuine\genuine_0075.png,1,genuine,218,76,23.77
genuine_0076.png,dataset/genuine\genuine_0076.png,1,genuine,224,92,30.48
genuine_0077.png,dataset/genuine\genuine_0077.png,1,genuine,209,95,27.68
genuine_0078.png,dataset/genuine\genuine_0078.png,1,genuine,251,92,33.28
genuine_0079.png,dataset/genuine\genuine_0079.png,1,genuine,243,106,34.64
genuine_0080.png,dataset/genuine\genuine_0080.png,1,genuine,186,76,20.27
genuine_0081.png,dataset/genuine\genuine_0081.png,1,genuine,194,72,19.59
genuine_0082.png,dataset/genuine\genuine_0082.png,1,genuine,176,69,18.8
genuine_0083.png,dataset/genuine\genuine_0083.png,1,genuine,199,84,22.96
genuine_0084.png,dataset/genuine\genuine_0084.png,1,genuine,189,69,19.56
genuine_0085.png,dataset/genuine\genuine_0085.png,1,genuine,101,41,9.88
genuine_0086.png,dataset/genuine\genuine_0086.png,1,genuine,93,39,8.99
genuine_0087.png,dataset/genuine\genuine_0087.png,1,genuine,72,36,7.77
genuine_0088.png,dataset/genuine\genuine_0088.png,1,genuine,78,36,7.76
genuine_0089.png,dataset/genuine\genuine_0089.png,1,genuine,79,40,8.23
genuine_0090.png,dataset/genuine\genuine_0090.png,1,genuine,2267,760,67.44
genuine_0091.png,dataset/genuine\genuine_0091.png,1,genuine,1387,695,35.97
genuine_0092.png,dataset/genuine\genuine_0092.png,1,genuine,2080,516,48.59
genuine_0093.png,dataset/genuine\genuine_0093.png,1,genuine,1811,655,68.32
genuine_0094.png,dataset/genuine\genuine_0094.png,1,genuine,727,323,18.42
genuine_0095.png,dataset/genuine\genuine_0095.png,1,genuine,1315,688,66.84
genuine_0096.png,dataset/genuine\genuine_0096.png,1,genuine,1212,460,34.06
genuine_0097.png,dataset/genuine\genuine_0097.png,1,genuine,1578,670,68.38
genuine_0098.png,dataset/genuine\genuine_0098.png,1,genuine,1394,667,36.15
genuine_0099.png,dataset/genuine\genuine_0099.png,1,genuine,1533,866,61.38
genuine_0100.png,dataset/genuine\genuine_0100.png,1,genuine,1510,788,40.94
genuine_0101.png,dataset/genuine\genuine_0101.png,1,genuine,1878,504,46.59
genuine_0102.png,dataset/genuine\genuine_0102.png,1,genuine,1806,777,76.38
genuine_0103.png,dataset/genuine\genuine_0103.png,1,genuine,919,393,22.95
genuine_0104.png,dataset/genuine\genuine_0104.png,1,genuine,1727,695,66.88
genuine_0105.png,dataset/genuine\genuine_0105.png,1,genuine,1299,479,37.79
genuine_0106.png,dataset/genuine\genuine_0106.png,1,genuine,1751,846,80.46
genuine_0107.png,dataset/genuine\genuine_0107.png,1,genuine,1523,713,36.16
genuine_0108.png,dataset/genuine\genuine_0108.png,1,genuine,1936,856,64.69
genuine_0109.png,dataset/genuine\genuine_0109.png,1,genuine,1487,733,39.59
genuine_0110.png,dataset/genuine\genuine_0110.png,1,genuine,2073,575,55.18
genuine_0111.png,dataset/genuine\genuine_0111.png,1,genuine,1829,893,76.82
genuine_0112.png,dataset/genuine\genuine_0112.png,1,genuine,992,412,24.37
genuine_0113.png,dataset/genuine\genuine_0113.png,1,genuine,1904,613,59.11
genuine_0114.png,dataset/genuine\genuine_0114.png,1,genuine,1695,592,42.67
genuine_0115.png,dataset/genuine\genuine_0115.png,1,genuine,1639,658,49.56
genuine_0116.png,dataset/genuine\genuine_0116.png,1,genuine,1800,684,55.87
genuine_0117.png,dataset/genuine\genuine_0117.png,1,genuine,1742,607,39.8
genuine_0118.png,dataset/genuine\genuine_0118.png,1,genuine,1615,639,44.48
genuine_0119.png,dataset/genuine\genuine_0119.png,1,genuine,1811,678,55.61
genuine_0120.png,dataset/genuine\genuine_0120.png,1,genuine,1593,736,55.58
genuine_0121.png,dataset/genuine\genuine_0121.png,1,genuine,1536,749,55.82
genuine_0122.png,dataset/genuine\genuine_0122.png,1,genuine,1685,668,50.49
genuine_0123.png,dataset/genuine\genuine_0123.png,1,genuine,1554,751,58.56
genuine_0124.png,dataset/genuine\genuine_0124.png,1,genuine,1616,746,59.13
genuine_0125.png,dataset/genuine\genuine_0125.png,1,genuine,1947,862,79.02
genuine_0126.png,dataset/genuine\genuine_0126.png,1,genuine,2144,911,83.07
genuine_0127.png,dataset/genuine\genuine_0127.png,1,genuine,1956,951,78.31
genuine_0128.png,dataset/genuine\genuine_0128.png,1,genuine,2130,999,80.06
genuine_0129.png,dataset/genuine\genuine_0129.png,1,genuine,2135,1089,79.68
genuine_0130.png,dataset/genuine\genuine_0130.png,1,genuine,1892,877,78.71
genuine_0131.png,dataset/genuine\genuine_0131.png,1,genuine,1715,763,77.77
genuine_0132.png,dataset/genuine\genuine_0132.png,1,genuine,1920,866,87.83
genuine_0133.png,dataset/genuine\genuine_0133.png,1,genuine,1915,895,81.9
genuine_0134.png,dataset/genuine\genuine_0134.png,1,genuine,2076,879,91.23
genuine_0135.png,dataset/genuine\genuine_0135.png,1,genuine,1177,429,38.81
genuine_0136.png,dataset/genuine\genuine_0136.png,1,genuine,1186,473,41.96
genuine_0137.png,dataset/genuine\genuine_0137.png,1,genuine,1381,509,42.73
genuine_0138.png,dataset/genuine\genuine_0138.png,1,genuine,1349,497,44.06
genuine_0139.png,dataset/genuine\genuine_0139.png,1,genuine,1302,488,42.26
genuine_0140.png,dataset/genuine\genuine_0140.png,1,genuine,1124,761,29.94
genuine_0141.png,dataset/genuine\genuine_0141.png,1,genuine,1308,672,36.46
genuine_0142.png,dataset/genuine\genuine_0142.png,1,genuine,1352,721,37.45
genuine_0143.png,dataset/genuine\genuine_0143.png,1,genuine,1405,654,37.36
genuine_0144.png,dataset/genuine\genuine_0144.png,1,genuine,1279,618,32.48
genuine_0145.png,dataset/genuine\genuine_0145.png,1,genuine,1464,484,34.45
genuine_0146.png,dataset/genuine\genuine_0146.png,1,genuine,1734,414,32.64
genuine_0147.png,dataset/genuine\genuine_0147.png,1,genuine,1713,530,33.08
genuine_0148.png,dataset/genuine\genuine_0148.png,1,genuine,1849,486,33.6
genuine_0149.png,dataset/genuine\genuine_0149.png,1,genuine,1917,446,33.75
genuine_0150.png,dataset/genuine\genuine_0150.png,1,genuine,1965,392,31.43
genuine_0151.png,dataset/genuine\genuine_0151.png,1,genuine,2467,474,38.47
genuine_0152.png,dataset/genuine\genuine_0152.png,1,genuine,2649,535,40.78
genuine_0153.png,dataset/genuine\genuine_0153.png,1,genuine,2428,461,40.38
genuine_0154.png,dataset/genuine\genuine_0154.png,1,genuine,2857,519,44.52
genuine_0155.png,dataset/genuine\genuine_0155.png,1,genuine,1924,865,73.97
genuine_0156.png,dataset/genuine\genuine_0156.png,1,genuine,1784,698,72.1
genuine_0157.png,dataset/genuine\genuine_0157.png,1,genuine,1746,695,67.35
genuine_0158.png,dataset/genuine\genuine_0158.png,1,genuine,1708,620,68.04
genuine_0159.png,dataset/genuine\genuine_0159.png,1,genuine,1851,701,76.4
genuine_0160.png,dataset/genuine\genuine_0160.png,1,genuine,1872,608,58.44
genuine_0161.png,dataset/genuine\genuine_0161.png,1,genuine,2030,597,67.62
genuine_0162.png,dataset/genuine\genuine_0162.png,1,genuine,2173,628,69.4
genuine_0163.png,dataset/genuine\genuine_0163.png,1,genuine,2158,706,73.95
genuine_0164.png,dataset/genuine\genuine_0164.png,1,genuine,2112,622,70.77
genuine_0165.png,dataset/genuine\genuine_0165.png,1,genuine,1817,633,56.21
genuine_0166.png,dataset/genuine\genuine_0166.png,1,genuine,1864,765,65.46
genuine_0167.png,dataset/genuine\genuine_0167.png,1,genuine,1741,788,64.36
genuine_0168.png,dataset/genuine\genuine_0168.png,1,genuine,2091,765,77.79
genuine_0169.png,dataset/genuine\genuine_0169.png,1,genuine,2026,882,71.81
genuine_0170.png,dataset/genuine\genuine_0170.png,1,genuine,1549,633,35.68
genuine_0171.png,dataset/genuine\genuine_0171.png,1,genuine,1620,601,35.55
genuine_0172.png,dataset/genuine\genuine_0172.png,1,genuine,1463,571,35.69
genuine_0173.png,dataset/genuine\genuine_0173.png,1,genuine,1660,700,46.01
genuine_0174.png,dataset/genuine\genuine_0174.png,1,genuine,1574,572,36.45
genuine_0175.png,dataset/genuine\genuine_0175.png,1,genuine,839,339,19.94
genuine_0176.png,dataset/genuine\genuine_0176.png,1,genuine,771,328,18.23
genuine_0177.png,dataset/genuine\genuine_0177.png,1,genuine,599,296,14.93
genuine_0178.png,dataset/genuine\genuine_0178.png,1,genuine,647,300,13.75
genuine_0179.png,dataset/genuine\genuine_0179.png,1,genuine,657,330,14.08
genuine_0180.png,dataset/genuine\genuine_0180.png,1,genuine,171,58,17.04
genuine_0181.png,dataset/genuine\genuine_0181.png,1,genuine,1354,530,36.51
genuine_0182.png,dataset/genuine\genuine_0182.png,1,genuine,2110,834,95.13
genuine_0183.png,dataset/genuine\genuine_0183.png,1,genuine,1213,559,47.22
genuine_0184.png,dataset/genuine\genuine_0184.png,1,genuine,145,55,14.49
genuine_0185.png,dataset/genuine\genuine_0185.png,1,genuine,1304,423,30.4
genuine_0186.png,dataset/genuine\genuine_0186.png,1,genuine,2073,826,78.29
genuine_0187.png,dataset/genuine\genuine_0187.png,1,genuine,1078,623,42.18
genuine_0188.png,dataset/genuine\genuine_0188.png,1,genuine,137,53,13.97
genuine_0189.png,dataset/genuine\genuine_0189.png,1,genuine,1345,470,30.94
genuine_0190.png,dataset/genuine\genuine_0190.png,1,genuine,1864,611,66.22
genuine_0191.png,dataset/genuine\genuine_0191.png,1,genuine,1777,398,41.91
genuine_0192.png,dataset/genuine\genuine_0192.png,1,genuine,135,51,13.45
genuine_0193.png,dataset/genuine\genuine_0193.png,1,genuine,1527,505,33.21
genuine_0194.png,dataset/genuine\genuine_0194.png,1,genuine,2178,730,81.43
genuine_0195.png,dataset/genuine\genuine_0195.png,1,genuine,1419,542,39.23
genuine_0196.png,dataset/genuine\genuine_0196.png,1,genuine,156,57,15.29
genuine_0197.png,dataset/genuine\genuine_0197.png,1,genuine,1533,579,39.36
genuine_0198.png,dataset/genuine\genuine_0198.png,1,genuine,1952,800,76.42
genuine_0199.png,dataset/genuine\genuine_0199.png,1,genuine,1045,476,35.65
genuine_0200.png,dataset/genuine\genuine_0200.png,1,genuine,1247,453,7.85
genuine_0201.png,dataset/genuine\genuine_0201.png,1,genuine,1174,555,6.35
genuine_0202.png,dataset/genuine\genuine_0202.png,1,genuine,1418,788,12.0
genuine_0203.png,dataset/genuine\genuine_0203.png,1,genuine,1124,651,8.15
genuine_0204.png,dataset/genuine\genuine_0204.png,1,genuine,171,103,25.62
genuine_0205.png,dataset/genuine\genuine_0205.png,1,genuine,1349,435,7.83
genuine_0206.png,dataset/genuine\genuine_0206.png,1,genuine,1254,575,6.67
genuine_0207.png,dataset/genuine\genuine_0207.png,1,genuine,1366,790,11.05
genuine_0208.png,dataset/genuine\genuine_0208.png,1,genuine,1261,877,10.14
genuine_0209.png,dataset/genuine\genuine_0209.png,1,genuine,173,122,28.58
genuine_0210.png,dataset/genuine\genuine_0210.png,1,genuine,1213,517,8.48
genuine_0211.png,dataset/genuine\genuine_0211.png,1,genuine,1198,552,6.79
genuine_0212.png,dataset/genuine\genuine_0212.png,1,genuine,1326,786,11.55
genuine_0213.png,dataset/genuine\genuine_0213.png,1,genuine,1046,488,6.78
genuine_0214.png,dataset/genuine\genuine_0214.png,1,genuine,1483,537,9.93
genuine_0215.png,dataset/genuine\genuine_0215.png,1,genuine,1037,506,7.2
genuine_0216.png,dataset/genuine\genuine_0216.png,1,genuine,1387,471,9.01
genuine_0217.png,dataset/genuine\genuine_0217.png,1,genuine,1034,454,6.54
genuine_0218.png,dataset/genuine\genuine_0218.png,1,genuine,1328,450,8.78
genuine_0219.png,dataset/genuine\genuine_0219.png,1,genuine,985,443,6.03
genuine_0220.png,dataset/genuine\genuine_0220.png,1,genuine,1452,527,9.44
genuine_0221.png,dataset/genuine\genuine_0221.png,1,genuine,997,449,6.55
genuine_0222.png,dataset/genuine\genuine_0222.png,1,genuine,1399,528,10.13
genuine_0223.png,dataset/genuine\genuine_0223.png,1,genuine,3786,2222,9310.58
genuine_0224.png,dataset/genuine\genuine_0224.png,1,genuine,2897,1739,6399.8
genuine_0225.png,dataset/genuine\genuine_0225.png,1,genuine,2859,1380,5770.16
genuine_0226.png,dataset/genuine\genuine_0226.png,1,genuine,2781,1676,3277.92
genuine_0227.png,dataset/genuine\genuine_0227.png,1,genuine,2566,2146,4407.02
genuine_0228.png,dataset/genuine\genuine_0228.png,1,genuine,2871,1037,2362.82
genuine_0229.png,dataset/genuine\genuine_0229.png,1,genuine,2766,999,2671.1
genuine_0230.png,dataset/genuine\genuine_0230.png,1,genuine,2916,825,1477.29
genuine_0231.png,dataset/genuine\genuine_0231.png,1,genuine,2922,663,2203.47
genuine_0232.png,dataset/genuine\genuine_0232.png,1,genuine,2640,855,2332.41
genuine_0233.png,dataset/genuine\genuine_0233.png,1,genuine,239,86,30.94
genuine_0234.png,dataset/genuine\genuine_0234.png,1,genuine,189,80,24.42
genuine_0235.png,dataset/genuine\genuine_0235.png,1,genuine,237,88,30.79
genuine_0236.png,dataset/genuine\genuine_0236.png,1,genuine,210,102,30.29
genuine_0237.png,dataset/genuine\genuine_0237.png,1,genuine,237,101,34.36
genuine_0238.png,dataset/genuine\genuine_0238.png,1,genuine,106,43,10.21
genuine_0239.png,dataset/genuine\genuine_0239.png,1,genuine,120,51,11.54
genuine_0240.png,dataset/genuine\genuine_0240.png,1,genuine,217,79,26.68
genuine_0241.png,dataset/genuine\genuine_0241.png,1,genuine,217,93,29.87
genuine_0242.png,dataset/genuine\genuine_0242.png,1,genuine,219,107,32.55
genuine_0243.png,dataset/genuine\genuine_0243.png,1,genuine,167,80,18.91
genuine_0244.png,dataset/genuine\genuine_0244.png,1,genuine,183,86,20.47
genuine_0245.png,dataset/genuine\genuine_0245.png,1,genuine,892,409,5.9
genuine_0246.png,dataset/genuine\genuine_0246.png,1,genuine,844,412,5.81
genuine_0247.png,dataset/genuine\genuine_0247.png,1,genuine,918,372,5.68
genuine_0248.png,dataset/genuine\genuine_0248.png,1,genuine,210,89,27.15
genuine_0249.png,dataset/genuine\genuine_0249.png,1,genuine,171,91,23.65
genuine_0250.png,dataset/genuine\genuine_0250.png,1,genuine,226,83,27.44
genuine_0251.png,dataset/genuine\genuine_0251.png,1,genuine,247,89,30.82
genuine_0252.png,dataset/genuine\genuine_0252.png,1,genuine,210,83,25.74
genuine_0253.png,dataset/genuine\genuine_0253.png,1,genuine,707,476,5.02
genuine_0254.png,dataset/genuine\genuine_0254.png,1,genuine,782,375,4.83
genuine_0255.png,dataset/genuine\genuine_0255.png,1,genuine,1460,735,9.24
genuine_0256.png,dataset/genuine\genuine_0256.png,1,genuine,1460,735,8.23
genuine_0257.png,dataset/genuine\genuine_0257.png,1,genuine,1510,735,8.76
genuine_0258.png,dataset/genuine\genuine_0258.png,1,genuine,1460,735,8.73
genuine_0259.png,dataset/genuine\genuine_0259.png,1,genuine,1510,735,8.49
genuine_0260.png,dataset/genuine\genuine_0260.png,1,genuine,922,805,8.98
genuine_0261.png,dataset/genuine\genuine_0261.png,1,genuine,1327,967,11.27
genuine_0262.png,dataset/genuine\genuine_0262.png,1,genuine,1214,858,10.75
genuine_0263.png,dataset/genuine\genuine_0263.png,1,genuine,1134,915,9.88
genuine_0264.png,dataset/genuine\genuine_0264.png,1,genuine,1249,911,10.74
genuine_0265.png,dataset/genuine\genuine_0265.png,1,genuine,733,504,5.05
genuine_0266.png,dataset/genuine\genuine_0266.png,1,genuine,817,498,5.19
genuine_0267.png,dataset/genuine\genuine_0267.png,1,genuine,944,518,5.27
genuine_0268.png,dataset/genuine\genuine_0268.png,1,genuine,785,514,5.43
genuine_0269.png,dataset/genuine\genuine_0269.png,1,genuine,703,394,4.03
genuine_0270.png,dataset/genuine\genuine_0270.png,1,genuine,651,401,4.31
genuine_0271.png,dataset/genuine\genuine_0271.png,1,genuine,616,354,3.84
genuine_0272.png,dataset/genuine\genuine_0272.png,1,genuine,616,351,3.68
genuine_0273.png,dataset/genuine\genuine_0273.png,1,genuine,636,374,3.84
genuine_0274.png,dataset/genuine\genuine_0274.png,1,genuine,595,354,3.82
genuine_0275.png,dataset/genuine\genuine_0275.png,1,genuine,1269,470,6.22
genuine_0276.png,dataset/genuine\genuine_0276.png,1,genuine,1239,509,6.2
genuine_0277.png,dataset/genuine\genuine_0277.png,1,genuine,1147,498,6.33
genuine_0278.png,dataset/genuine\genuine_0278.png,1,genuine,1332,499,6.52
genuine_0279.png,dataset/genuine\genuine_0279.png,1,genuine,1212,489,6.04
genuine_0280.png,dataset/genuine\genuine_0280.png,1,genuine,191,88,24.29
genuine_0281.png,dataset/genuine\genuine_0281.png,1,genuine,184,90,23.55
genuine_0282.png,dataset/genuine\genuine_0282.png,1,genuine,202,80,23.07
genuine_0283.png,dataset/genuine\genuine_0283.png,1,genuine,186,90,23.44
genuine_0284.png,dataset/genuine\genuine_0284.png,1,genuine,194,90,24.62
genuine_0285.png,dataset/genuine\genuine_0285.png,1,genuine,1110,473,5.97
genuine_0286.png,dataset/genuine\genuine_0286.png,1,genuine,1130,458,7.03
genuine_0287.png,dataset/genuine\genuine_0287.png,1,genuine,1160,433,6.68
genuine_0288.png,dataset/genuine\genuine_0288.png,1,genuine,1086,430,6.26
genuine_0289.png,dataset/genuine\genuine_0289.png,1,genuine,1048,404,5.88
genuine_0290.png,dataset/genuine\genuine_0290.png,1,genuine,889,539,5.84
genuine_0291.png,dataset/genuine\genuine_0291.png,1,genuine,951,540,6.19
genuine_0292.png,dataset/genuine\genuine_0292.png,1,genuine,946,554,5.83
genuine_0293.png,dataset/genuine\genuine_0293.png,1,genuine,816,621,5.75
genuine_0294.png,dataset/genuine\genuine_0294.png,1,genuine,930,537,5.42
genuine_0295.png,dataset/genuine\genuine_0295.png,1,genuine,234,103,33.45
genuine_0296.png,dataset/genuine\genuine_0296.png,1,genuine,257,109,35.16
genuine_0297.png,dataset/genuine\genuine_0297.png,1,genuine,235,114,35.07
genuine_0298.png,dataset/genuine\genuine_0298.png,1,genuine,256,120,36.44
genuine_0299.png,dataset/genuine\genuine_0299.png,1,genuine,256,131,40.62
genuine_0300.png,dataset/genuine\genuine_0300.png,1,genuine,227,105,32.9
genuine_0301.png,dataset/genuine\genuine_0301.png,1,genuine,206,92,27.62
genuine_0302.png,dataset/genuine\genuine_0302.png,1,genuine,230,104,33.31
genuine_0303.png,dataset/genuine\genuine_0303.png,1,genuine,230,107,31.41
genuine_0304.png,dataset/genuine\genuine_0304.png,1,genuine,249,105,34.94
genuine_0305.png,dataset/genuine\genuine_0305.png,1,genuine,141,51,14.11
genuine_0306.png,dataset/genuine\genuine_0306.png,1,genuine,142,57,14.99
genuine_0307.png,dataset/genuine\genuine_0307.png,1,genuine,166,61,17.24
genuine_0308.png,dataset/genuine\genuine_0308.png,1,genuine,162,60,16.27
genuine_0309.png,dataset/genuine\genuine_0309.png,1,genuine,156,59,16.22
genuine_0310.png,dataset/genuine\genuine_0310.png,1,genuine,135,91,18.64
genuine_0311.png,dataset/genuine\genuine_0311.png,1,genuine,157,81,18.97
genuine_0312.png,dataset/genuine\genuine_0312.png,1,genuine,162,87,20.91
genuine_0313.png,dataset/genuine\genuine_0313.png,1,genuine,169,78,18.66
genuine_0314.png,dataset/genuine\genuine_0314.png,1,genuine,153,74,17.64
genuine_0315.png,dataset/genuine\genuine_0315.png,1,genuine,1460,558,11.38
genuine_0316.png,dataset/genuine\genuine_0316.png,1,genuine,1481,630,12.53
genuine_0317.png,dataset/genuine\genuine_0317.png,1,genuine,1548,521,12.24
genuine_0318.png,dataset/genuine\genuine_0318.png,1,genuine,1420,532,11.06
genuine_0319.png,dataset/genuine\genuine_0319.png,1,genuine,1441,549,11.33
genuine_0320.png,dataset/genuine\genuine_0320.png,1,genuine,176,58,17.12
genuine_0321.png,dataset/genuine\genuine_0321.png,1,genuine,208,50,16.64
genuine_0322.png,dataset/genuine\genuine_0322.png,1,genuine,206,64,19.5
genuine_0323.png,dataset/genuine\genuine_0323.png,1,genuine,222,58,18.37
genuine_0324.png,dataset/genuine\genuine_0324.png,1,genuine,230,54,18.69
genuine_0325.png,dataset/genuine\genuine_0325.png,1,genuine,236,47,17.53
genuine_0326.png,dataset/genuine\genuine_0326.png,1,genuine,296,57,22.9
genuine_0327.png,dataset/genuine\genuine_0327.png,1,genuine,318,64,26.46
genuine_0328.png,dataset/genuine\genuine_0328.png,1,genuine,291,55,21.73
genuine_0329.png,dataset/genuine\genuine_0329.png,1,genuine,343,62,26.49
genuine_0330.png,dataset/genuine\genuine_0330.png,1,genuine,214,84,27.65
genuine_0331.png,dataset/genuine\genuine_0331.png,1,genuine,210,83,27.69
genuine_0332.png,dataset/genuine\genuine_0332.png,1,genuine,205,74,24.35
genuine_0333.png,dataset/genuine\genuine_0333.png,1,genuine,222,84,29.31
genuine_0334.png,dataset/genuine\genuine_0334.png,1,genuine,231,104,34.23
genuine_0335.png,dataset/genuine\genuine_0335.png,1,genuine,259,85,31.7
genuine_0336.png,dataset/genuine\genuine_0336.png,1,genuine,253,75,28.1
genuine_0337.png,dataset/genuine\genuine_0337.png,1,genuine,225,73,23.95
genuine_0338.png,dataset/genuine\genuine_0338.png,1,genuine,244,72,27.7
genuine_0339.png,dataset/genuine\genuine_0339.png,1,genuine,261,75,28.15
genuine_0340.png,dataset/genuine\genuine_0340.png,1,genuine,1260,1110,11.58
genuine_0341.png,dataset/genuine\genuine_0341.png,1,genuine,1560,1135,8.67
genuine_0342.png,dataset/genuine\genuine_0342.png,1,genuine,1460,1155,12.69
genuine_0343.png,dataset/genuine\genuine_0343.png,1,genuine,1260,1385,11.44
genuine_0344.png,dataset/genuine\genuine_0344.png,1,genuine,1310,1435,13.92
genuine_0345.png,dataset/genuine\genuine_0345.png,1,genuine,218,76,23.77
genuine_0346.png,dataset/genuine\genuine_0346.png,1,genuine,224,92,30.48
genuine_0347.png,dataset/genuine\genuine_0347.png,1,genuine,209,95,27.68
genuine_0348.png,dataset/genuine\genuine_0348.png,1,genuine,251,92,33.28
genuine_0349.png,dataset/genuine\genuine_0349.png,1,genuine,243,106,34.64
genuine_0350.png,dataset/genuine\genuine_0350.png,1,genuine,186,76,20.27
genuine_0351.png,dataset/genuine\genuine_0351.png,1,genuine,194,72,19.59
genuine_0352.png,dataset/genuine\genuine_0352.png,1,genuine,176,69,18.8
genuine_0353.png,dataset/genuine\genuine_0353.png,1,genuine,199,84,22.96
genuine_0354.png,dataset/genuine\genuine_0354.png,1,genuine,189,69,19.56
genuine_0355.png,dataset/genuine\genuine_0355.png,1,genuine,101,41,9.88
genuine_0356.png,dataset/genuine\genuine_0356.png,1,genuine,93,39,8.99
genuine_0357.png,dataset/genuine\genuine_0357.png,1,genuine,72,36,7.77
genuine_0358.png,dataset/genuine\genuine_0358.png,1,genuine,78,36,7.76
genuine_0359.png,dataset/genuine\genuine_0359.png,1,genuine,79,40,8.23
genuine_0360.png,dataset/genuine\genuine_0360.png,1,genuine,2535,1670,4553.54
genuine_0361.png,dataset/genuine\genuine_0361.png,1,genuine,2702,2034,8137.63
genuine_0362.png,dataset/genuine\genuine_0362.png,1,genuine,2754,2322,3861.6
genuine_0363.png,dataset/genuine\genuine_0363.png,1,genuine,2827,2657,7086.17
genuine_0364.png,dataset/genuine\genuine_0364.png,1,genuine,3342,2691,13509.94
genuine_0365.png,dataset/genuine\genuine_0365.png,1,genuine,2778,664,1128.5
genuine_0366.png,dataset/genuine\genuine_0366.png,1,genuine,2924,650,1124.02
genuine_0367.png,dataset/genuine\genuine_0367.png,1,genuine,2780,768,1337.29
genuine_0368.png,dataset/genuine\genuine_0368.png,1,genuine,2921,744,1439.46
genuine_0369.png,dataset/genuine\genuine_0369.png,1,genuine,2808,869,1603.24
genuine_0370.png,dataset/genuine\genuine_0370.png,1,genuine,1337,481,8.86
genuine_0371.png,dataset/genuine\genuine_0371.png,1,genuine,1586,443,8.79
genuine_0372.png,dataset/genuine\genuine_0372.png,1,genuine,1480,623,9.67
genuine_0373.png,dataset/genuine\genuine_0373.png,1,genuine,1435,436,8.12
genuine_0374.png,dataset/genuine\genuine_0374.png,1,genuine,1236,480,8.78
genuine_0375.png,dataset/genuine\genuine_0375.png,1,genuine,1464,484,34.45
genuine_0376.png,dataset/genuine\genuine_0376.png,1,genuine,1734,414,32.64
genuine_0377.png,dataset/genuine\genuine_0377.png,1,genuine,1713,530,33.08
genuine_0378.png,dataset/genuine\genuine_0378.png,1,genuine,1849,486,33.6
genuine_0379.png,dataset/genuine\genuine_0379.png,1,genuine,1917,446,33.75
genuine_0380.png,dataset/genuine\genuine_0380.png,1,genuine,1593,736,55.58
genuine_0381.png,dataset/genuine\genuine_0381.png,1,genuine,1536,749,55.82
genuine_0382.png,dataset/genuine\genuine_0382.png,1,genuine,1685,668,50.49
genuine_0383.png,dataset/genuine\genuine_0383.png,1,genuine,1554,751,58.56
genuine_0384.png,dataset/genuine\genuine_0384.png,1,genuine,1616,746,59.13
genuine_0385.png,dataset/genuine\genuine_0385.png,1,genuine,1947,862,79.02
genuine_0386.png,dataset/genuine\genuine_0386.png,1,genuine,2144,911,83.07
genuine_0387.png,dataset/genuine\genuine_0387.png,1,genuine,1956,951,78.31
genuine_0388.png,dataset/genuine\genuine_0388.png,1,genuine,2130,999,80.06
genuine_0389.png,dataset/genuine\genuine_0389.png,1,genuine,2135,1089,79.68
genuine_0390.png,dataset/genuine\genuine_0390.png,1,genuine,1892,877,78.71
genuine_0391.png,dataset/genuine\genuine_0391.png,1,genuine,1715,763,77.77
genuine_0392.png,dataset/genuine\genuine_0392.png,1,genuine,1920,866,87.83
genuine_0393.png,dataset/genuine\genuine_0393.png,1,genuine,1915,895,81.9
genuine_0394.png,dataset/genuine\genuine_0394.png,1,genuine,2076,879,91.23
genuine_0395.png,dataset/genuine\genuine_0395.png,1,genuine,1177,429,38.81
genuine_0396.png,dataset/genuine\genuine_0396.png,1,genuine,1186,473,41.96
genuine_0397.png,dataset/genuine\genuine_0397.png,1,genuine,1381,509,42.73
genuine_0398.png,dataset/genuine\genuine_0398.png,1,genuine,1349,497,44.06
genuine_0399.png,dataset/genuine\genuine_0399.png,1,genuine,1302,488,42.26
genuine_0400.png,dataset/genuine\genuine_0400.png,1,genuine,1124,761,29.94
genuine_0401.png,dataset/genuine\genuine_0401.png,1,genuine,1308,672,36.46
genuine_0402.png,dataset/genuine\genuine_0402.png,1,genuine,1352,721,37.45
genuine_0403.png,dataset/genuine\genuine_0403.png,1,genuine,1405,654,37.36
genuine_0404.png,dataset/genuine\genuine_0404.png,1,genuine,1279,618,32.48
genuine_0405.png,dataset/genuine\genuine_0405.png,1,genuine,1259,633,8.93
genuine_0406.png,dataset/genuine\genuine_0406.png,1,genuine,1247,453,7.85
genuine_0407.png,dataset/genuine\genuine_0407.png,1,genuine,1148,548,6.13
genuine_0408.png,dataset/genuine\genuine_0408.png,1,genuine,1237,753,8.98
genuine_0409.png,dataset/genuine\genuine_0409.png,1,genuine,1349,435,7.83
genuine_0410.png,dataset/genuine\genuine_0410.png,1,genuine,1414,501,7.14
genuine_0411.png,dataset/genuine\genuine_0411.png,1,genuine,1219,756,9.55
genuine_0412.png,dataset/genuine\genuine_0412.png,1,genuine,1213,517,8.48
genuine_0413.png,dataset/genuine\genuine_0413.png,1,genuine,1046,488,6.78
genuine_0414.png,dataset/genuine\genuine_0414.png,1,genuine,1389,594,10.49
genuine_0415.png,dataset/genuine\genuine_0415.png,1,genuine,1037,506,7.2
genuine_0416.png,dataset/genuine\genuine_0416.png,1,genuine,1307,596,12.28
genuine_0417.png,dataset/genuine\genuine_0417.png,1,genuine,1034,454,6.54
genuine_0418.png,dataset/genuine\genuine_0418.png,1,genuine,1346,460,10.43
genuine_0419.png,dataset/genuine\genuine_0419.png,1,genuine,985,443,6.03
genuine_0420.png,dataset/genuine\genuine_0420.png,1,genuine,1285,465,10.34
genuine_0421.png,dataset/genuine\genuine_0421.png,1,genuine,997,449,6.55
genuine_0422.png,dataset/genuine\genuine_0422.png,1,genuine,1354,526,10.44
genuine_0423.png,dataset/genuine\genuine_0423.png,1,genuine,1173,451,8.12
genuine_0424.png,dataset/genuine\genuine_0424.png,1,genuine,852,658,9.61
genuine_0425.png,dataset/genuine\genuine_0425.png,1,genuine,1298,440,6.3
genuine_0426.png,dataset/genuine\genuine_0426.png,1,genuine,1292,405,8.19
genuine_0427.png,dataset/genuine\genuine_0427.png,1,genuine,867,686,10.09
genuine_0428.png,dataset/genuine\genuine_0428.png,1,genuine,1271,483,6.68
genuine_0429.png,dataset/genuine\genuine_0429.png,1,genuine,1374,388,8.21
genuine_0430.png,dataset/genuine\genuine_0430.png,1,genuine,892,409,5.9
genuine_0431.png,dataset/genuine\genuine_0431.png,1,genuine,1202,544,8.73
genuine_0432.png,dataset/genuine\genuine_0432.png,1,genuine,541,384,4.43
genuine_0433.png,dataset/genuine\genuine_0433.png,1,genuine,953,369,5.75
genuine_0434.png,dataset/genuine\genuine_0434.png,1,genuine,1258,496,8.53
genuine_0435.png,dataset/genuine\genuine_0435.png,1,genuine,517,511,5.45
genuine_0436.png,dataset/genuine\genuine_0436.png,1,genuine,880,369,5.13
genuine_0437.png,dataset/genuine\genuine_0437.png,1,genuine,1389,552,9.74
genuine_0438.png,dataset/genuine\genuine_0438.png,1,genuine,1390,640,11.2
genuine_0439.png,dataset/genuine\genuine_0439.png,1,genuine,1211,457,8.33
genuine_0440.png,dataset/genuine\genuine_0440.png,1,genuine,888,462,7.03
genuine_0441.png,dataset/genuine\genuine_0441.png,1,genuine,1274,580,10.91
genuine_0442.png,dataset/genuine\genuine_0442.png,1,genuine,1396,511,8.15
genuine_0443.png,dataset/genuine\genuine_0443.png,1,genuine,728,438,5.88
genuine_0444.png,dataset/genuine\genuine_0444.png,1,genuine,1452,550,13.11
genuine_0445.png,dataset/genuine\genuine_0445.png,1,genuine,1309,501,9.61
genuine_0446.png,dataset/genuine\genuine_0446.png,1,genuine,1344,529,9.68
genuine_0447.png,dataset/genuine\genuine_0447.png,1,genuine,1294,479,8.32
genuine_0448.png,dataset/genuine\genuine_0448.png,1,genuine,1552,532,10.18
genuine_0449.png,dataset/genuine\genuine_0449.png,1,genuine,1402,571,10.57
genuine_0450.png,dataset/genuine\genuine_0450.png,1,genuine,922,805,8.98
genuine_0451.png,dataset/genuine\genuine_0451.png,1,genuine,1327,967,11.27
genuine_0452.png,dataset/genuine\genuine_0452.png,1,genuine,1214,858,10.75
genuine_0453.png,dataset/genuine\genuine_0453.png,1,genuine,1134,915,9.88
genuine_0454.png,dataset/genuine\genuine_0454.png,1,genuine,1249,911,10.74
genuine_0455.png,dataset/genuine\genuine_0455.png,1,genuine,889,539,5.84
genuine_0456.png,dataset/genuine\genuine_0456.png,1,genuine,951,540,6.19
genuine_0457.png,dataset/genuine\genuine_0457.png,1,genuine,946,554,5.83
genuine_0458.png,dataset/genuine\genuine_0458.png,1,genuine,816,621,5.75
genuine_0459.png,dataset/genuine\genuine_0459.png,1,genuine,930,537,5.42
genuine_0460.png,dataset/genuine\genuine_0460.png,1,genuine,1470,433,6.93
genuine_0461.png,dataset/genuine\genuine_0461.png,1,genuine,1618,442,7.71
genuine_0462.png,dataset/genuine\genuine_0462.png,1,genuine,1494,443,7.4
genuine_0463.png,dataset/genuine\genuine_0463.png,1,genuine,1653,440,8.14
genuine_0464.png,dataset/genuine\genuine_0464.png,1,genuine,1678,405,7.93
genuine_0465.png,dataset/genuine\genuine_0465.png,1,genuine,1337,481,8.86
genuine_0466.png,dataset/genuine\genuine_0466.png,1,genuine,1586,443,8.79
genuine_0467.png,dataset/genuine\genuine_0467.png,1,genuine,1480,623,9.67
genuine_0468.png,dataset/genuine\genuine_0468.png,1,genuine,1435,436,8.12
genuine_0469.png,dataset/genuine\genuine_0469.png,1,genuine,1236,480,8.78
genuine_0470.png,dataset/genuine\genuine_0470.png,1,genuine,1203,395,5.68
genuine_0471.png,dataset/genuine\genuine_0471.png,1,genuine,1299,374,5.52
genuine_0472.png,dataset/genuine\genuine_0472.png,1,genuine,1429,403,5.85
genuine_0473.png,dataset/genuine\genuine_0473.png,1,genuine,1326,398,5.6
genuine_0474.png,dataset/genuine\genuine_0474.png,1,genuine,1235,403,4.79
genuine_0475.png,dataset/genuine\genuine_0475.png,1,genuine,1269,470,6.22
genuine_0476.png,dataset/genuine\genuine_0476.png,1,genuine,1239,509,6.2
genuine_0477.png,dataset/genuine\genuine_0477.png,1,genuine,1147,498,6.33
genuine_0478.png,dataset/genuine\genuine_0478.png,1,genuine,1332,499,6.52
genuine_0479.png,dataset/genuine\genuine_0479.png,1,genuine,1212,489,6.04
genuine_0480.png,dataset/genuine\genuine_0480.png,1,genuine,1110,473,5.97
genuine_0481.png,dataset/genuine\genuine_0481.png,1,genuine,1130,458,7.03
genuine_0482.png,dataset/genuine\genuine_0482.png,1,genuine,1160,433,6.68
genuine_0483.png,dataset/genuine\genuine_0483.png,1,genuine,1086,430,6.26
genuine_0484.png,dataset/genuine\genuine_0484.png,1,genuine,1048,404,5.88
genuine_0485.png,dataset/genuine\genuine_0485.png,1,genuine,1460,735,9.24
genuine_0486.png,dataset/genuine\genuine_0486.png,1,genuine,1460,735,8.23
genuine_0487.png,dataset/genuine\genuine_0487.png,1,genuine,1510,735,8.76
genuine_0488.png,dataset/genuine\genuine_0488.png,1,genuine,1460,735,8.73
genuine_0489.png,dataset/genuine\genuine_0489.png,1,genuine,1510,735,8.49
genuine_0490.png,dataset/genuine\genuine_0490.png,1,genuine,733,504,5.05
genuine_0491.png,dataset/genuine\genuine_0491.png,1,genuine,817,498,5.19
genuine_0492.png,dataset/genuine\genuine_0492.png,1,genuine,944,518,5.27
genuine_0493.png,dataset/genuine\genuine_0493.png,1,genuine,785,514,5.43
genuine_0494.png,dataset/genuine\genuine_0494.png,1,genuine,703,394,4.03
genuine_0495.png,dataset/genuine\genuine_0495.png,1,genuine,624,505,5.28
genuine_0496.png,dataset/genuine\genuine_0496.png,1,genuine,636,450,5.35
genuine_0497.png,dataset/genuine\genuine_0497.png,1,genuine,647,574,5.65
genuine_0498.png,dataset/genuine\genuine_0498.png,1,genuine,591,430,4.73
genuine_0499.png,dataset/genuine\genuine_0499.png,1,genuine,524,473,4.78
genuine_0500.png,dataset/genuine\genuine_0500.png,1,genuine,651,401,4.31
genuine_0501.png,dataset/genuine\genuine_0501.png,1,genuine,616,354,3.84
genuine_0502.png,dataset/genuine\genuine_0502.png,1,genuine,616,351,3.68
genuine_0503.png,dataset/genuine\genuine_0503.png,1,genuine,636,374,3.84
genuine_0504.png,dataset/genuine\genuine_0504.png,1,genuine,595,354,3.82
genuine_0505.png,dataset/genuine\genuine_0505.png,1,genuine,942,708,10.89
genuine_0506.png,dataset/genuine\genuine_0506.png,1,genuine,931,665,10.97
genuine_0507.png,dataset/genuine\genuine_0507.png,1,genuine,1138,568,10.04
genuine_0508.png,dataset/genuine\genuine_0508.png,1,genuine,797,656,9.86
genuine_0509.png,dataset/genuine\genuine_0509.png,1,genuine,919,658,11.15
genuine_0510.png,dataset/genuine\genuine_0510.png,1,genuine,1294,564,7.64
genuine_0511.png,dataset/genuine\genuine_0511.png,1,genuine,1277,540,6.69
genuine_0512.png,dataset/genuine\genuine_0512.png,1,genuine,1239,573,7.94
genuine_0513.png,dataset/genuine\genuine_0513.png,1,genuine,1269,616,7.93
genuine_0514.png,dataset/genuine\genuine_0514.png,1,genuine,1154,557,7.38
genuine_0515.png,dataset/genuine\genuine_0515.png,1,genuine,1218,588,11.0
genuine_0516.png,dataset/genuine\genuine_0516.png,1,genuine,1385,601,11.33
genuine_0517.png,dataset/genuine\genuine_0517.png,1,genuine,1502,569,10.65
genuine_0518.png,dataset/genuine\genuine_0518.png,1,genuine,1175,589,10.83
genuine_0519.png,dataset/genuine\genuine_0519.png,1,genuine,1200,569,11.07
genuine_0520.png,dataset/genuine\genuine_0520.png,1,genuine,1010,542,6.81
genuine_0521.png,dataset/genuine\genuine_0521.png,1,genuine,1127,448,6.78
genuine_0522.png,dataset/genuine\genuine_0522.png,1,genuine,1444,479,8.01
genuine_0523.png,dataset/genuine\genuine_0523.png,1,genuine,1096,436,7.63
genuine_0524.png,dataset/genuine\genuine_0524.png,1,genuine,1069,466,6.97
genuine_0525.png,dataset/genuine\genuine_0525.png,1,genuine,1155,479,7.58
genuine_0526.png,dataset/genuine\genuine_0526.png,1,genuine,1133,423,7.36
genuine_0527.png,dataset/genuine\genuine_0527.png,1,genuine,1154,442,7.23
genuine_0528.png,dataset/genuine\genuine_0528.png,1,genuine,1054,471,7.21
genuine_0529.png,dataset/genuine\genuine_0529.png,1,genuine,1172,439,7.23
genuine_0530.png,dataset/genuine\genuine_0530.png,1,genuine,1460,558,11.38
genuine_0531.png,dataset/genuine\genuine_0531.png,1,genuine,1481,630,12.53
genuine_0532.png,dataset/genuine\genuine_0532.png,1,genuine,1548,521,12.24
genuine_0533.png,dataset/genuine\genuine_0533.png,1,genuine,1420,532,11.06
genuine_0534.png,dataset/genuine\genuine_0534.png,1,genuine,1441,549,11.33
genuine_0535.png,dataset/genuine\genuine_0535.png,1,genuine,1066,549,7.92
genuine_0536.png,dataset/genuine\genuine_0536.png,1,genuine,1138,552,8.98
genuine_0537.png,dataset/genuine\genuine_0537.png,1,genuine,1199,587,7.96
genuine_0538.png,dataset/genuine\genuine_0538.png,1,genuine,1272,608,8.24
genuine_0539.png,dataset/genuine\genuine_0539.png,1,genuine,1227,578,8.09
genuine_0540.png,dataset/genuine\genuine_0540.png,1,genuine,1460,735,9.24
genuine_0541.png,dataset/genuine\genuine_0541.png,1,genuine,1460,735,8.23
genuine_0542.png,dataset/genuine\genuine_0542.png,1,genuine,1510,735,8.76
genuine_0543.png,dataset/genuine\genuine_0543.png,1,genuine,1460,735,8.73
genuine_0544.png,dataset/genuine\genuine_0544.png,1,genuine,1510,735,8.49
genuine_0545.png,dataset/genuine\genuine_0545.png,1,genuine,922,805,8.98
genuine_0546.png,dataset/genuine\genuine_0546.png,1,genuine,1327,967,11.27
genuine_0547.png,dataset/genuine\genuine_0547.png,1,genuine,1214,858,10.75
genuine_0548.png,dataset/genuine\genuine_0548.png,1,genuine,1134,915,9.88
genuine_0549.png,dataset/genuine\genuine_0549.png,1,genuine,1249,911,10.74
genuine_0550.png,dataset/genuine\genuine_0550.png,1,genuine,733,504,5.05
genuine_0551.png,dataset/genuine\genuine_0551.png,1,genuine,817,498,5.19
genuine_0552.png,dataset/genuine\genuine_0552.png,1,genuine,944,518,5.27
genuine_0553.png,dataset/genuine\genuine_0553.png,1,genuine,785,514,5.43
genuine_0554.png,dataset/genuine\genuine_0554.png,1,genuine,703,394,4.03
genuine_0555.png,dataset/genuine\genuine_0555.png,1,genuine,651,401,4.31
genuine_0556.png,dataset/genuine\genuine_0556.png,1,genuine,616,354,3.84
genuine_0557.png,dataset/genuine\genuine_0557.png,1,genuine,616,351,3.68
genuine_0558.png,dataset/genuine\genuine_0558.png,1,genuine,636,374,3.84
genuine_0559.png,dataset/genuine\genuine_0559.png,1,genuine,595,354,3.82
genuine_0560.png,dataset/genuine\genuine_0560.png,1,genuine,1269,470,6.22
genuine_0561.png,dataset/genuine\genuine_0561.png,1,genuine,1239,509,6.2
genuine_0562.png,dataset/genuine\genuine_0562.png,1,genuine,1147,498,6.33
genuine_0563.png,dataset/genuine\genuine_0563.png,1,genuine,1332,499,6.52
genuine_0564.png,dataset/genuine\genuine_0564.png,1,genuine,1212,489,6.04
genuine_0565.png,dataset/genuine\genuine_0565.png,1,genuine,191,88,24.29
genuine_0566.png,dataset/genuine\genuine_0566.png,1,genuine,184,90,23.55
genuine_0567.png,dataset/genuine\genuine_0567.png,1,genuine,202,80,23.07
genuine_0568.png,dataset/genuine\genuine_0568.png,1,genuine,186,90,23.44
genuine_0569.png,dataset/genuine\genuine_0569.png,1,genuine,194,90,24.62
genuine_0570.png,dataset/genuine\genuine_0570.png,1,genuine,1110,473,5.97
genuine_0571.png,dataset/genuine\genuine_0571.png,1,genuine,1130,458,7.03
genuine_0572.png,dataset/genuine\genuine_0572.png,1,genuine,1160,433,6.68
genuine_0573.png,dataset/genuine\genuine_0573.png,1,genuine,1086,430,6.26
genuine_0574.png,dataset/genuine\genuine_0574.png,1,genuine,1048,404,5.88
genuine_0575.png,dataset/genuine\genuine_0575.png,1,genuine,889,539,5.84
genuine_0576.png,dataset/genuine\genuine_0576.png,1,genuine,951,540,6.19
genuine_0577.png,dataset/genuine\genuine_0577.png,1,genuine,946,554,5.83
genuine_0578.png,dataset/genuine\genuine_0578.png,1,genuine,816,621,5.75
genuine_0579.png,dataset/genuine\genuine_0579.png,1,genuine,930,537,5.42
genuine_0580.png,dataset/genuine\genuine_0580.png,1,genuine,234,103,33.45
genuine_0581.png,dataset/genuine\genuine_0581.png,1,genuine,257,109,35.16
genuine_0582.png,dataset/genuine\genuine_0582.png,1,genuine,235,114,35.07
genuine_0583.png,dataset/genuine\genuine_0583.png,1,genuine,256,120,36.44
genuine_0584.png,dataset/genuine\genuine_0584.png,1,genuine,256,131,40.62
genuine_0585.png,dataset/genuine\genuine_0585.png,1,genuine,227,105,32.9
genuine_0586.png,dataset/genuine\genuine_0586.png,1,genuine,206,92,27.62
genuine_0587.png,dataset/genuine\genuine_0587.png,1,genuine,230,104,33.31
genuine_0588.png,dataset/genuine\genuine_0588.png,1,genuine,230,107,31.41
genuine_0589.png,dataset/genuine\genuine_0589.png,1,genuine,249,105,34.94
genuine_0590.png,dataset/genuine\genuine_0590.png,1,genuine,141,51,14.11
genuine_0591.png,dataset/genuine\genuine_0591.png,1,genuine,142,57,14.99
genuine_0592.png,dataset/genuine\genuine_0592.png,1,genuine,166,61,17.24
genuine_0593.png,dataset/genuine\genuine_0593.png,1,genuine,162,60,16.27
genuine_0594.png,dataset/genuine\genuine_0594.png,1,genuine,156,59,16.22
genuine_0595.png,dataset/genuine\genuine_0595.png,1,genuine,135,91,18.64
genuine_0596.png,dataset/genuine\genuine_0596.png,1,genuine,157,81,18.97
genuine_0597.png,dataset/genuine\genuine_0597.png,1,genuine,162,87,20.91
genuine_0598.png,dataset/genuine\genuine_0598.png,1,genuine,169,78,18.66
genuine_0599.png,dataset/genuine\genuine_0599.png,1,genuine,153,74,17.64
genuine_0600.png,dataset/genuine\genuine_0600.png,1,genuine,1460,558,11.38
genuine_0601.png,dataset/genuine\genuine_0601.png,1,genuine,1481,630,12.53
genuine_0602.png,dataset/genuine\genuine_0602.png,1,genuine,1548,521,12.24
genuine_0603.png,dataset/genuine\genuine_0603.png,1,genuine,1420,532,11.06
genuine_0604.png,dataset/genuine\genuine_0604.png,1,genuine,1441,549,11.33
genuine_0605.png,dataset/genuine\genuine_0605.png,1,genuine,176,58,17.12
genuine_0606.png,dataset/genuine\genuine_0606.png,1,genuine,208,50,16.64
genuine_0607.png,dataset/genuine\genuine_0607.png,1,genuine,206,64,19.5
genuine_0608.png,dataset/genuine\genuine_0608.png,1,genuine,222,58,18.37
genuine_0609.png,dataset/genuine\genuine_0609.png,1,genuine,230,54,18.69
genuine_0610.png,dataset/genuine\genuine_0610.png,1,genuine,236,47,17.53
genuine_0611.png,dataset/genuine\genuine_0611.png,1,genuine,296,57,22.9
genuine_0612.png,dataset/genuine\genuine_0612.png,1,genuine,318,64,26.46
genuine_0613.png,dataset/genuine\genuine_0613.png,1,genuine,291,55,21.73
genuine_0614.png,dataset/genuine\genuine_0614.png,1,genuine,343,62,26.49
genuine_0615.png,dataset/genuine\genuine_0615.png,1,genuine,214,84,27.65
genuine_0616.png,dataset/genuine\genuine_0616.png,1,genuine,210,83,27.69
genuine_0617.png,dataset/genuine\genuine_0617.png,1,genuine,205,74,24.35
genuine_0618.png,dataset/genuine\genuine_0618.png,1,genuine,222,84,29.31
genuine_0619.png,dataset/genuine\genuine_0619.png,1,genuine,231,104,34.23
genuine_0620.png,dataset/genuine\genuine_0620.png,1,genuine,259,85,31.7
genuine_0621.png,dataset/genuine\genuine_0621.png,1,genuine,253,75,28.1
genuine_0622.png,dataset/genuine\genuine_0622.png,1,genuine,225,73,23.95
genuine_0623.png,dataset/genuine\genuine_0623.png,1,genuine,244,72,27.7
genuine_0624.png,dataset/genuine\genuine_0624.png,1,genuine,261,75,28.15
genuine_0625.png,dataset/genuine\genuine_0625.png,1,genuine,1260,1110,11.58
genuine_0626.png,dataset/genuine\genuine_0626.png,1,genuine,1560,1135,8.67
genuine_0627.png,dataset/genuine\genuine_0627.png,1,genuine,1460,1155,12.69
genuine_0628.png,dataset/genuine\genuine_0628.png,1,genuine,1260,1385,11.44
genuine_0629.png,dataset/genuine\genuine_0629.png,1,genuine,1310,1435,13.92
genuine_0630.png,dataset/genuine\genuine_0630.png,1,genuine,218,76,23.77
genuine_0631.png,dataset/genuine\genuine_0631.png,1,genuine,224,92,30.48
genuine_0632.png,dataset/genuine\genuine_0632.png,1,genuine,209,95,27.68
genuine_0633.png,dataset/genuine\genuine_0633.png,1,genuine,251,92,33.28
genuine_0634.png,dataset/genuine\genuine_0634.png,1,genuine,243,106,34.64
genuine_0635.png,dataset/genuine\genuine_0635.png,1,genuine,186,76,20.27
genuine_0636.png,dataset/genuine\genuine_0636.png,1,genuine,194,72,19.59
genuine_0637.png,dataset/genuine\genuine_0637.png,1,genuine,176,69,18.8
genuine_0638.png,dataset/genuine\genuine_0638.png,1,genuine,199,84,22.96
genuine_0639.png,dataset/genuine\genuine_0639.png,1,genuine,189,69,19.56
genuine_0640.png,dataset/genuine\genuine_0640.png,1,genuine,101,41,9.88
genuine_0641.png,dataset/genuine\genuine_0641.png,1,genuine,93,39,8.99
genuine_0642.png,dataset/genuine\genuine_0642.png,1,genuine,72,36,7.77
genuine_0643.png,dataset/genuine\genuine_0643.png,1,genuine,78,36,7.76
genuine_0644.png,dataset/genuine\genuine_0644.png,1,genuine,79,40,8.23
genuine_0645.png,dataset/genuine\genuine_0645.png,1,genuine,2535,1670,4553.54
genuine_0646.png,dataset/genuine\genuine_0646.png,1,genuine,2702,2034,8137.63
genuine_0647.png,dataset/genuine\genuine_0647.png,1,genuine,2754,2322,3861.6
genuine_0648.png,dataset/genuine\genuine_0648.png,1,genuine,2827,2657,7086.17
genuine_0649.png,dataset/genuine\genuine_0649.png,1,genuine,3342,2691,13509.94
genuine_0650.png,dataset/genuine\genuine_0650.png,1,genuine,2778,664,1128.5
genuine_0651.png,dataset/genuine\genuine_0651.png,1,genuine,2924,650,1124.02
genuine_0652.png,dataset/genuine\genuine_0652.png,1,genuine,2780,768,1337.29
genuine_0653.png,dataset/genuine\genuine_0653.png,1,genuine,2921,744,1439.46
genuine_0654.png,dataset/genuine\genuine_0654.png,1,genuine,2808,869,1603.24
genuine_0655.png,dataset/genuine\genuine_0655.png,1,genuine,1337,481,8.86
genuine_0656.png,dataset/genuine\genuine_0656.png,1,genuine,1586,443,8.79
genuine_0657.png,dataset/genuine\genuine_0657.png,1,genuine,1480,623,9.67
genuine_0658.png,dataset/genuine\genuine_0658.png,1,genuine,1435,436,8.12
genuine_0659.png,dataset/genuine\genuine_0659.png,1,genuine,1236,480,8.78
genuine_0660.png,dataset/genuine\genuine_0660.png,1,genuine,1464,484,34.45
genuine_0661.png,dataset/genuine\genuine_0661.png,1,genuine,1734,414,32.64
genuine_0662.png,dataset/genuine\genuine_0662.png,1,genuine,1713,530,33.08
genuine_0663.png,dataset/genuine\genuine_0663.png,1,genuine,1849,486,33.6
genuine_0664.png,dataset/genuine\genuine_0664.png,1,genuine,1917,446,33.75
genuine_0665.png,dataset/genuine\genuine_0665.png,1,genuine,1593,736,55.58
genuine_0666.png,dataset/genuine\genuine_0666.png,1,genuine,1536,749,55.82
genuine_0667.png,dataset/genuine\genuine_0667.png,1,genuine,1685,668,50.49
genuine_0668.png,dataset/genuine\genuine_0668.png,1,genuine,1554,751,58.56
genuine_0669.png,dataset/genuine\genuine_0669.png,1,genuine,1616,746,59.13
genuine_0670.png,dataset/genuine\genuine_0670.png,1,genuine,1947,862,79.02
genuine_0671.png,dataset/genuine\genuine_0671.png,1,genuine,2144,911,83.07
genuine_0672.png,dataset/genuine\genuine_0672.png,1,genuine,1956,951,78.31
genuine_0673.png,dataset/genuine\genuine_0673.png,1,genuine,2130,999,80.06
genuine_0674.png,dataset/genuine\genuine_0674.png,1,genuine,2135,1089,79.68
genuine_0675.png,dataset/genuine\genuine_0675.png,1,genuine,1892,877,78.71
genuine_0676.png,dataset/genuine\genuine_0676.png,1,genuine,1715,763,77.77
genuine_0677.png,dataset/genuine\genuine_0677.png,1,genuine,1920,866,87.83
genuine_0678.png,dataset/genuine\genuine_0678.png,1,genuine,1915,895,81.9
genuine_0679.png,dataset/genuine\genuine_0679.png,1,genuine,2076,879,91.23
genuine_0680.png,dataset/genuine\genuine_0680.png,1,genuine,1177,429,38.81
genuine_0681.png,dataset/genuine\genuine_0681.png,1,genuine,1186,473,41.96
genuine_0682.png,dataset/genuine\genuine_0682.png,1,genuine,1381,509,42.73
genuine_0683.png,dataset/genuine\genuine_0683.png,1,genuine,1349,497,44.06
genuine_0684.png,dataset/genuine\genuine_0684.png,1,genuine,1302,488,42.26
genuine_0685.png,dataset/genuine\genuine_0685.png,1,genuine,1124,761,29.94
genuine_0686.png,dataset/genuine\genuine_0686.png,1,genuine,1308,672,36.46
genuine_0687.png,dataset/genuine\genuine_0687.png,1,genuine,1352,721,37.45
genuine_0688.png,dataset/genuine\genuine_0688.png,1,genuine,1405,654,37.36
genuine_0689.png,dataset/genuine\genuine_0689.png,1,genuine,1279,618,32.48
forged_0000.png,dataset/forged\forged_0000.png,0,forged,223,118,35.26
forged_0001.png,dataset/forged\forged_0001.png,0,forged,161,76,20.85
forged_0002.png,dataset/forged\forged_0002.png,0,forged,171,58,17.04
forged_0003.png,dataset/forged\forged_0003.png,0,forged,239,86,30.94
forged_0004.png,dataset/forged\forged_0004.png,0,forged,173,85,22.59
forged_0005.png,dataset/forged\forged_0005.png,0,forged,87,39,8.96
forged_0006.png,dataset/forged\forged_0006.png,0,forged,171,103,25.62
forged_0007.png,dataset/forged\forged_0007.png,0,forged,158,83,22.11
forged_0008.png,dataset/forged\forged_0008.png,0,forged,145,55,14.49
forged_0009.png,dataset/forged\forged_0009.png,0,forged,189,80,24.42
forged_0010.png,dataset/forged\forged_0010.png,0,forged,192,87,23.31
forged_0011.png,dataset/forged\forged_0011.png,0,forged,106,43,10.21
forged_0012.png,dataset/forged\forged_0012.png,0,forged,172,109,27.36
forged_0013.png,dataset/forged\forged_0013.png,0,forged,186,70,21.44
forged_0014.png,dataset/forged\forged_0014.png,0,forged,137,53,13.97
forged_0015.png,dataset/forged\forged_0015.png,0,forged,237,88,30.79
forged_0016.png,dataset/forged\forged_0016.png,0,forged,176,81,22.02
forged_0017.png,dataset/forged\forged_0017.png,0,forged,110,47,10.96
forged_0018.png,dataset/forged\forged_0018.png,0,forged,173,122,28.58
forged_0019.png,dataset/forged\forged_0019.png,0,forged,207,83,24.89
forged_0020.png,dataset/forged\forged_0020.png,0,forged,156,57,15.29
forged_0021.png,dataset/forged\forged_0021.png,0,forged,210,102,30.29
forged_0022.png,dataset/forged\forged_0022.png,0,forged,191,94,25.47
forged_0023.png,dataset/forged\forged_0023.png,0,forged,120,51,11.54
forged_0024.png,dataset/forged\forged_0024.png,0,forged,169,119,28.83
forged_0025.png,dataset/forged\forged_0025.png,0,forged,124,77,17.08
forged_0026.png,dataset/forged\forged_0026.png,0,forged,135,51,13.45
forged_0027.png,dataset/forged\forged_0027.png,0,forged,237,101,34.36
forged_0028.png,dataset/forged\forged_0028.png,0,forged,196,96,26.59
forged_0029.png,dataset/forged\forged_0029.png,0,forged,119,49,11.48
forged_0030.png,dataset/forged\forged_0030.png,0,forged,1340,631,60.72
forged_0031.png,dataset/forged\forged_0031.png,0,forged,1429,481,39.94
forged_0032.png,dataset/forged\forged_0032.png,0,forged,1991,718,85.25
forged_0033.png,dataset/forged\forged_0033.png,0,forged,1460,707,38.46
forged_0034.png,dataset/forged\forged_0034.png,0,forged,1750,743,63.52
forged_0035.png,dataset/forged\forged_0035.png,0,forged,1838,905,49.84
forged_0036.png,dataset/forged\forged_0036.png,0,forged,1864,518,43.77
forged_0037.png,dataset/forged\forged_0037.png,0,forged,1993,839,78.87
forged_0038.png,dataset/forged\forged_0038.png,0,forged,881,359,22.77
forged_0039.png,dataset/forged\forged_0039.png,0,forged,1553,581,56.46
forged_0040.png,dataset/forged\forged_0040.png,0,forged,1140,438,32.26
forged_0041.png,dataset/forged\forged_0041.png,0,forged,1971,737,78.1
forged_0042.png,dataset/forged\forged_0042.png,0,forged,1424,667,36.72
forged_0043.png,dataset/forged\forged_0043.png,0,forged,1423,758,56.21
forged_0044.png,dataset/forged\forged_0044.png,0,forged,1633,671,38.92
forged_0045.png,dataset/forged\forged_0045.png,0,forged,1870,521,51.04
forged_0046.png,dataset/forged\forged_0046.png,0,forged,1813,917,74.68
forged_0047.png,dataset/forged\forged_0047.png,0,forged,1001,428,23.86
forged_0048.png,dataset/forged\forged_0048.png,0,forged,1036,644,45.8
forged_0049.png,dataset/forged\forged_0049.png,0,forged,1125,421,31.08
forged_0050.png,dataset/forged\forged_0050.png,0,forged,1976,845,91.71
forged_0051.png,dataset/forged\forged_0051.png,0,forged,1359,637,32.49
forged_0052.png,dataset/forged\forged_0052.png,0,forged,1730,548,41.75
forged_0053.png,dataset/forged\forged_0053.png,0,forged,1554,562,42.94
forged_0054.png,dataset/forged\forged_0054.png,0,forged,1757,649,58.06
forged_0055.png,dataset/forged\forged_0055.png,0,forged,1738,568,41.87
forged_0056.png,dataset/forged\forged_0056.png,0,forged,1532,784,51.6
forged_0057.png,dataset/forged\forged_0057.png,0,forged,1860,597,58.12
forged_0058.png,dataset/forged\forged_0058.png,0,forged,1572,730,42.29
forged_0059.png,dataset/forged\forged_0059.png,0,forged,1617,692,45.0
forged_0060.png,dataset/forged\forged_0060.png,0,forged,196,96,26.59
forged_0061.png,dataset/forged\forged_0061.png,0,forged,1829,730,66.46
forged_0062.png,dataset/forged\forged_0062.png,0,forged,1756,855,89.58
forged_0063.png,dataset/forged\forged_0063.png,0,forged,933,736,35.26
forged_0064.png,dataset/forged\forged_0064.png,0,forged,191,94,25.47
forged_0065.png,dataset/forged\forged_0065.png,0,forged,1675,599,36.26
forged_0066.png,dataset/forged\forged_0066.png,0,forged,1545,653,55.4
forged_0067.png,dataset/forged\forged_0067.png,0,forged,1203,573,29.81
forged_0068.png,dataset/forged\forged_0068.png,0,forged,173,85,22.59
forged_0069.png,dataset/forged\forged_0069.png,0,forged,1928,698,52.67
forged_0070.png,dataset/forged\forged_0070.png,0,forged,1435,619,52.94
forged_0071.png,dataset/forged\forged_0071.png,0,forged,1081,647,26.43
forged_0072.png,dataset/forged\forged_0072.png,0,forged,192,87,23.31
forged_0073.png,dataset/forged\forged_0073.png,0,forged,1816,653,55.2
forged_0074.png,dataset/forged\forged_0074.png,0,forged,1648,800,63.2
forged_0075.png,dataset/forged\forged_0075.png,0,forged,1019,684,29.35
forged_0076.png,dataset/forged\forged_0076.png,0,forged,176,81,22.02
forged_0077.png,dataset/forged\forged_0077.png,0,forged,1635,864,51.63
forged_0078.png,dataset/forged\forged_0078.png,0,forged,1760,766,66.91
forged_0079.png,dataset/forged\forged_0079.png,0,forged,1183,740,32.71
forged_0080.png,dataset/forged\forged_0080.png,0,forged,1259,633,8.93
forged_0081.png,dataset/forged\forged_0081.png,0,forged,223,118,35.26
forged_0082.png,dataset/forged\forged_0082.png,0,forged,1258,502,8.88
forged_0083.png,dataset/forged\forged_0083.png,0,forged,1148,548,6.13
forged_0084.png,dataset/forged\forged_0084.png,0,forged,1205,782,10.72
forged_0085.png,dataset/forged\forged_0085.png,0,forged,1237,753,8.98
forged_0086.png,dataset/forged\forged_0086.png,0,forged,172,109,27.36
forged_0087.png,dataset/forged\forged_0087.png,0,forged,1339,465,8.08
forged_0088.png,dataset/forged\forged_0088.png,0,forged,1414,501,7.14
forged_0089.png,dataset/forged\forged_0089.png,0,forged,1224,989,11.96
forged_0090.png,dataset/forged\forged_0090.png,0,forged,1219,756,9.55
forged_0091.png,dataset/forged\forged_0091.png,0,forged,169,119,28.83
forged_0092.png,dataset/forged\forged_0092.png,0,forged,485,432,3.84
forged_0093.png,dataset/forged\forged_0093.png,0,forged,1389,594,10.49
forged_0094.png,dataset/forged\forged_0094.png,0,forged,548,392,4.01
forged_0095.png,dataset/forged\forged_0095.png,0,forged,1307,596,12.28
forged_0096.png,dataset/forged\forged_0096.png,0,forged,805,402,4.6
forged_0097.png,dataset/forged\forged_0097.png,0,forged,1346,460,10.43
forged_0098.png,dataset/forged\forged_0098.png,0,forged,576,418,4.62
forged_0099.png,dataset/forged\forged_0099.png,0,forged,1285,465,10.34
forged_0100.png,dataset/forged\forged_0100.png,0,forged,681,410,4.94
forged_0101.png,dataset/forged\forged_0101.png,0,forged,1354,526,10.44
forged_0102.png,dataset/forged\forged_0102.png,0,forged,250,62,23.51
forged_0103.png,dataset/forged\forged_0103.png,0,forged,224,62,21.3
forged_0104.png,dataset/forged\forged_0104.png,0,forged,225,60,21.75
forged_0105.png,dataset/forged\forged_0105.png,0,forged,224,63,21.58
forged_0106.png,dataset/forged\forged_0106.png,0,forged,249,69,25.38
forged_0107.png,dataset/forged\forged_0107.png,0,forged,158,83,22.11
forged_0108.png,dataset/forged\forged_0108.png,0,forged,161,76,20.85
forged_0109.png,dataset/forged\forged_0109.png,0,forged,186,70,21.44
forged_0110.png,dataset/forged\forged_0110.png,0,forged,207,83,24.89
forged_0111.png,dataset/forged\forged_0111.png,0,forged,124,77,17.08
forged_0112.png,dataset/forged\forged_0112.png,0,forged,166,83,20.03
forged_0113.png,dataset/forged\forged_0113.png,0,forged,221,109,29.51
forged_0114.png,dataset/forged\forged_0114.png,0,forged,181,95,23.86
forged_0115.png,dataset/forged\forged_0115.png,0,forged,196,81,21.53
forged_0116.png,dataset/forged\forged_0116.png,0,forged,178,88,22.09
forged_0117.png,dataset/forged\forged_0117.png,0,forged,87,39,8.96
forged_0118.png,dataset/forged\forged_0118.png,0,forged,110,47,10.96
forged_0119.png,dataset/forged\forged_0119.png,0,forged,119,49,11.48
forged_0120.png,dataset/forged\forged_0120.png,0,forged,239,101,33.21
forged_0121.png,dataset/forged\forged_0121.png,0,forged,218,110,31.95
forged_0122.png,dataset/forged\forged_0122.png,0,forged,175,85,20.88
forged_0123.png,dataset/forged\forged_0123.png,0,forged,171,80,20.1
forged_0124.png,dataset/forged\forged_0124.png,0,forged,163,76,18.16
forged_0125.png,dataset/forged\forged_0125.png,0,forged,953,369,5.75
forged_0126.png,dataset/forged\forged_0126.png,0,forged,880,369,5.13
forged_0127.png,dataset/forged\forged_0127.png,0,forged,272,91,33.11
forged_0128.png,dataset/forged\forged_0128.png,0,forged,184,104,28.51
forged_0129.png,dataset/forged\forged_0129.png,0,forged,232,103,31.93
forged_0130.png,dataset/forged\forged_0130.png,0,forged,217,68,22.77
forged_0131.png,dataset/forged\forged_0131.png,0,forged,221,85,27.08
forged_0132.png,dataset/forged\forged_0132.png,0,forged,740,390,4.69
forged_0133.png,dataset/forged\forged_0133.png,0,forged,775,472,5.41
forged_0134.png,dataset/forged\forged_0134.png,0,forged,859,432,5.57
forged_0135.png,dataset/forged\forged_0135.png,0,forged,1174,555,6.35
forged_0136.png,dataset/forged\forged_0136.png,0,forged,1124,651,8.15
forged_0137.png,dataset/forged\forged_0137.png,0,forged,1258,502,8.88
forged_0138.png,dataset/forged\forged_0138.png,0,forged,1254,575,6.67
forged_0139.png,dataset/forged\forged_0139.png,0,forged,1261,877,10.14
forged_0140.png,dataset/forged\forged_0140.png,0,forged,1339,465,8.08
forged_0141.png,dataset/forged\forged_0141.png,0,forged,1198,552,6.79
forged_0142.png,dataset/forged\forged_0142.png,0,forged,1483,537,9.93
forged_0143.png,dataset/forged\forged_0143.png,0,forged,485,432,3.84
forged_0144.png,dataset/forged\forged_0144.png,0,forged,1387,471,9.01
forged_0145.png,dataset/forged\forged_0145.png,0,forged,548,392,4.01
forged_0146.png,dataset/forged\forged_0146.png,0,forged,1328,450,8.78
forged_0147.png,dataset/forged\forged_0147.png,0,forged,805,402,4.6
forged_0148.png,dataset/forged\forged_0148.png,0,forged,1452,527,9.44
forged_0149.png,dataset/forged\forged_0149.png,0,forged,576,418,4.62
forged_0150.png,dataset/forged\forged_0150.png,0,forged,1399,528,10.13
forged_0151.png,dataset/forged\forged_0151.png,0,forged,681,410,4.94
forged_0152.png,dataset/forged\forged_0152.png,0,forged,818,642,9.05
forged_0153.png,dataset/forged\forged_0153.png,0,forged,1319,505,6.76
forged_0154.png,dataset/forged\forged_0154.png,0,forged,1272,408,8.16
forged_0155.png,dataset/forged\forged_0155.png,0,forged,869,703,10.31
forged_0156.png,dataset/forged\forged_0156.png,0,forged,1356,427,6.98
forged_0157.png,dataset/forged\forged_0157.png,0,forged,1395,497,9.28
forged_0158.png,dataset/forged\forged_0158.png,0,forged,903,694,9.39
forged_0159.png,dataset/forged\forged_0159.png,0,forged,1196,471,5.77
forged_0160.png,dataset/forged\forged_0160.png,0,forged,539,451,4.54
forged_0161.png,dataset/forged\forged_0161.png,0,forged,840,396,5.38
forged_0162.png,dataset/forged\forged_0162.png,0,forged,1165,535,8.49
forged_0163.png,dataset/forged\forged_0163.png,0,forged,517,449,4.66
forged_0164.png,dataset/forged\forged_0164.png,0,forged,844,412,5.81
forged_0165.png,dataset/forged\forged_0165.png,0,forged,1020,552,8.75
forged_0166.png,dataset/forged\forged_0166.png,0,forged,557,438,5.21
forged_0167.png,dataset/forged\forged_0167.png,0,forged,1247,466,8.06
forged_0168.png,dataset/forged\forged_0168.png,0,forged,798,490,6.69
forged_0169.png,dataset/forged\forged_0169.png,0,forged,1355,481,11.36
forged_0170.png,dataset/forged\forged_0170.png,0,forged,1083,499,8.17
forged_0171.png,dataset/forged\forged_0171.png,0,forged,899,500,7.46
forged_0172.png,dataset/forged\forged_0172.png,0,forged,1338,519,11.98
forged_0173.png,dataset/forged\forged_0173.png,0,forged,1367,475,8.73
forged_0174.png,dataset/forged\forged_0174.png,0,forged,853,570,7.48
forged_0175.png,dataset/forged\forged_0175.png,0,forged,831,319,4.65
forged_0176.png,dataset/forged\forged_0176.png,0,forged,860,368,5.1
forged_0177.png,dataset/forged\forged_0177.png,0,forged,1010,382,5.38
forged_0178.png,dataset/forged\forged_0178.png,0,forged,1023,386,5.84
forged_0179.png,dataset/forged\forged_0179.png,0,forged,965,336,5.06
forged_0180.png,dataset/forged\forged_0180.png,0,forged,171,58,17.04
forged_0181.png,dataset/forged\forged_0181.png,0,forged,196,96,26.59
forged_0182.png,dataset/forged\forged_0182.png,0,forged,1354,530,36.51
forged_0183.png,dataset/forged\forged_0183.png,0,forged,1829,730,66.46
forged_0184.png,dataset/forged\forged_0184.png,0,forged,2110,834,95.13
forged_0185.png,dataset/forged\forged_0185.png,0,forged,1756,855,89.58
forged_0186.png,dataset/forged\forged_0186.png,0,forged,1213,559,47.22
forged_0187.png,dataset/forged\forged_0187.png,0,forged,933,736,35.26
forged_0188.png,dataset/forged\forged_0188.png,0,forged,145,55,14.49
forged_0189.png,dataset/forged\forged_0189.png,0,forged,191,94,25.47
forged_0190.png,dataset/forged\forged_0190.png,0,forged,1304,423,30.4
forged_0191.png,dataset/forged\forged_0191.png,0,forged,1675,599,36.26
forged_0192.png,dataset/forged\forged_0192.png,0,forged,2073,826,78.29
forged_0193.png,dataset/forged\forged_0193.png,0,forged,1545,653,55.4
forged_0194.png,dataset/forged\forged_0194.png,0,forged,1078,623,42.18
forged_0195.png,dataset/forged\forged_0195.png,0,forged,1203,573,29.81
forged_0196.png,dataset/forged\forged_0196.png,0,forged,137,53,13.97
forged_0197.png,dataset/forged\forged_0197.png,0,forged,173,85,22.59
forged_0198.png,dataset/forged\forged_0198.png,0,forged,1345,470,30.94
forged_0199.png,dataset/forged\forged_0199.png,0,forged,1928,698,52.67
forged_0200.png,dataset/forged\forged_0200.png,0,forged,1864,611,66.22
forged_0201.png,dataset/forged\forged_0201.png,0,forged,1435,619,52.94
forged_0202.png,dataset/forged\forged_0202.png,0,forged,1777,398,41.91
forged_0203.png,dataset/forged\forged_0203.png,0,forged,1081,647,26.43
forged_0204.png,dataset/forged\forged_0204.png,0,forged,135,51,13.45
forged_0205.png,dataset/forged\forged_0205.png,0,forged,192,87,23.31
forged_0206.png,dataset/forged\forged_0206.png,0,forged,1527,505,33.21
forged_0207.png,dataset/forged\forged_0207.png,0,forged,1816,653,55.2
forged_0208.png,dataset/forged\forged_0208.png,0,forged,2178,730,81.43
forged_0209.png,dataset/forged\forged_0209.png,0,forged,1648,800,63.2
forged_0210.png,dataset/forged\forged_0210.png,0,forged,1419,542,39.23
forged_0211.png,dataset/forged\forged_0211.png,0,forged,1019,684,29.35
forged_0212.png,dataset/forged\forged_0212.png,0,forged,156,57,15.29
forged_0213.png,dataset/forged\forged_0213.png,0,forged,176,81,22.02
forged_0214.png,dataset/forged\forged_0214.png,0,forged,1533,579,39.36
forged_0215.png,dataset/forged\forged_0215.png,0,forged,1635,864,51.63
forged_0216.png,dataset/forged\forged_0216.png,0,forged,1952,800,76.42
forged_0217.png,dataset/forged\forged_0217.png,0,forged,1760,766,66.91
forged_0218.png,dataset/forged\forged_0218.png,0,forged,1045,476,35.65
forged_0219.png,dataset/forged\forged_0219.png,0,forged,1183,740,32.71
forged_0220.png,dataset/forged\forged_0220.png,0,forged,1247,453,7.85
forged_0221.png,dataset/forged\forged_0221.png,0,forged,1259,633,8.93
forged_0222.png,dataset/forged\forged_0222.png,0,forged,1174,555,6.35
forged_0223.png,dataset/forged\forged_0223.png,0,forged,223,118,35.26
forged_0224.png,dataset/forged\forged_0224.png,0,forged,1418,788,12.0
forged_0225.png,dataset/forged\forged_0225.png,0,forged,1258,502,8.88
forged_0226.png,dataset/forged\forged_0226.png,0,forged,1124,651,8.15
forged_0227.png,dataset/forged\forged_0227.png,0,forged,1148,548,6.13
forged_0228.png,dataset/forged\forged_0228.png,0,forged,171,103,25.62
forged_0229.png,dataset/forged\forged_0229.png,0,forged,1205,782,10.72
forged_0230.png,dataset/forged\forged_0230.png,0,forged,1349,435,7.83
forged_0231.png,dataset/forged\forged_0231.png,0,forged,1237,753,8.98
forged_0232.png,dataset/forged\forged_0232.png,0,forged,1254,575,6.67
forged_0233.png,dataset/forged\forged_0233.png,0,forged,172,109,27.36
forged_0234.png,dataset/forged\forged_0234.png,0,forged,1366,790,11.05
forged_0235.png,dataset/forged\forged_0235.png,0,forged,1339,465,8.08
forged_0236.png,dataset/forged\forged_0236.png,0,forged,1261,877,10.14
forged_0237.png,dataset/forged\forged_0237.png,0,forged,1414,501,7.14
forged_0238.png,dataset/forged\forged_0238.png,0,forged,173,122,28.58
forged_0239.png,dataset/forged\forged_0239.png,0,forged,1224,989,11.96
forged_0240.png,dataset/forged\forged_0240.png,0,forged,1213,517,8.48
forged_0241.png,dataset/forged\forged_0241.png,0,forged,1219,756,9.55
forged_0242.png,dataset/forged\forged_0242.png,0,forged,1198,552,6.79
forged_0243.png,dataset/forged\forged_0243.png,0,forged,169,119,28.83
forged_0244.png,dataset/forged\forged_0244.png,0,forged,1326,786,11.55
forged_0245.png,dataset/forged\forged_0245.png,0,forged,485,432,3.84
forged_0246.png,dataset/forged\forged_0246.png,0,forged,1046,488,6.78
forged_0247.png,dataset/forged\forged_0247.png,0,forged,1389,594,10.49
forged_0248.png,dataset/forged\forged_0248.png,0,forged,1483,537,9.93
forged_0249.png,dataset/forged\forged_0249.png,0,forged,548,392,4.01
forged_0250.png,dataset/forged\forged_0250.png,0,forged,1037,506,7.2
forged_0251.png,dataset/forged\forged_0251.png,0,forged,1307,596,12.28
forged_0252.png,dataset/forged\forged_0252.png,0,forged,1387,471,9.01
forged_0253.png,dataset/forged\forged_0253.png,0,forged,805,402,4.6
forged_0254.png,dataset/forged\forged_0254.png,0,forged,1034,454,6.54
forged_0255.png,dataset/forged\forged_0255.png,0,forged,1346,460,10.43
forged_0256.png,dataset/forged\forged_0256.png,0,forged,1328,450,8.78
forged_0257.png,dataset/forged\forged_0257.png,0,forged,576,418,4.62
forged_0258.png,dataset/forged\forged_0258.png,0,forged,985,443,6.03
forged_0259.png,dataset/forged\forged_0259.png,0,forged,1285,465,10.34
forged_0260.png,dataset/forged\forged_0260.png,0,forged,1452,527,9.44
forged_0261.png,dataset/forged\forged_0261.png,0,forged,681,410,4.94
forged_0262.png,dataset/forged\forged_0262.png,0,forged,997,449,6.55
forged_0263.png,dataset/forged\forged_0263.png,0,forged,1354,526,10.44
forged_0264.png,dataset/forged\forged_0264.png,0,forged,1399,528,10.13
forged_0265.png,dataset/forged\forged_0265.png,0,forged,250,62,23.51
forged_0266.png,dataset/forged\forged_0266.png,0,forged,3786,2222,9310.58
forged_0267.png,dataset/forged\forged_0267.png,0,forged,224,62,21.3
forged_0268.png,dataset/forged\forged_0268.png,0,forged,2897,1739,6399.8
forged_0269.png,dataset/forged\forged_0269.png,0,forged,225,60,21.75
forged_0270.png,dataset/forged\forged_0270.png,0,forged,2859,1380,5770.16
forged_0271.png,dataset/forged\forged_0271.png,0,forged,224,63,21.58
forged_0272.png,dataset/forged\forged_0272.png,0,forged,2781,1676,3277.92
forged_0273.png,dataset/forged\forged_0273.png,0,forged,249,69,25.38
forged_0274.png,dataset/forged\forged_0274.png,0,forged,2566,2146,4407.02
forged_0275.png,dataset/forged\forged_0275.png,0,forged,158,83,22.11
forged_0276.png,dataset/forged\forged_0276.png,0,forged,2871,1037,2362.82
forged_0277.png,dataset/forged\forged_0277.png,0,forged,161,76,20.85
forged_0278.png,dataset/forged\forged_0278.png,0,forged,2766,999,2671.1
forged_0279.png,dataset/forged\forged_0279.png,0,forged,186,70,21.44
forged_0280.png,dataset/forged\forged_0280.png,0,forged,2916,825,1477.29
forged_0281.png,dataset/forged\forged_0281.png,0,forged,207,83,24.89
forged_0282.png,dataset/forged\forged_0282.png,0,forged,2922,663,2203.47
forged_0283.png,dataset/forged\forged_0283.png,0,forged,124,77,17.08
forged_0284.png,dataset/forged\forged_0284.png,0,forged,2640,855,2332.41
forged_0285.png,dataset/forged\forged_0285.png,0,forged,166,83,20.03
forged_0286.png,dataset/forged\forged_0286.png,0,forged,239,86,30.94
forged_0287.png,dataset/forged\forged_0287.png,0,forged,221,109,29.51
forged_0288.png,dataset/forged\forged_0288.png,0,forged,189,80,24.42
forged_0289.png,dataset/forged\forged_0289.png,0,forged,181,95,23.86
forged_0290.png,dataset/forged\forged_0290.png,0,forged,237,88,30.79
forged_0291.png,dataset/forged\forged_0291.png,0,forged,196,81,21.53
forged_0292.png,dataset/forged\forged_0292.png,0,forged,210,102,30.29
forged_0293.png,dataset/forged\forged_0293.png,0,forged,178,88,22.09
forged_0294.png,dataset/forged\forged_0294.png,0,forged,237,101,34.36
forged_0295.png,dataset/forged\forged_0295.png,0,forged,87,39,8.96
forged_0296.png,dataset/forged\forged_0296.png,0,forged,106,43,10.21
forged_0297.png,dataset/forged\forged_0297.png,0,forged,110,47,10.96
forged_0298.png,dataset/forged\forged_0298.png,0,forged,120,51,11.54
forged_0299.png,dataset/forged\forged_0299.png,0,forged,119,49,11.48
forged_0300.png,dataset/forged\forged_0300.png,0,forged,217,79,26.68
forged_0301.png,dataset/forged\forged_0301.png,0,forged,239,101,33.21
forged_0302.png,dataset/forged\forged_0302.png,0,forged,217,93,29.87
forged_0303.png,dataset/forged\forged_0303.png,0,forged,218,110,31.95
forged_0304.png,dataset/forged\forged_0304.png,0,forged,219,107,32.55
forged_0305.png,dataset/forged\forged_0305.png,0,forged,175,85,20.88
forged_0306.png,dataset/forged\forged_0306.png,0,forged,167,80,18.91
forged_0307.png,dataset/forged\forged_0307.png,0,forged,171,80,20.1
forged_0308.png,dataset/forged\forged_0308.png,0,forged,183,86,20.47
forged_0309.png,dataset/forged\forged_0309.png,0,forged,163,76,18.16
forged_0310.png,dataset/forged\forged_0310.png,0,forged,892,409,5.9
forged_0311.png,dataset/forged\forged_0311.png,0,forged,953,369,5.75
forged_0312.png,dataset/forged\forged_0312.png,0,forged,844,412,5.81
forged_0313.png,dataset/forged\forged_0313.png,0,forged,880,369,5.13
forged_0314.png,dataset/forged\forged_0314.png,0,forged,918,372,5.68
forged_0315.png,dataset/forged\forged_0315.png,0,forged,272,91,33.11
forged_0316.png,dataset/forged\forged_0316.png,0,forged,210,89,27.15
forged_0317.png,dataset/forged\forged_0317.png,0,forged,184,104,28.51
forged_0318.png,dataset/forged\forged_0318.png,0,forged,171,91,23.65
forged_0319.png,dataset/forged\forged_0319.png,0,forged,232,103,31.93
forged_0320.png,dataset/forged\forged_0320.png,0,forged,226,83,27.44
forged_0321.png,dataset/forged\forged_0321.png,0,forged,217,68,22.77
forged_0322.png,dataset/forged\forged_0322.png,0,forged,247,89,30.82
forged_0323.png,dataset/forged\forged_0323.png,0,forged,221,85,27.08
forged_0324.png,dataset/forged\forged_0324.png,0,forged,210,83,25.74
forged_0325.png,dataset/forged\forged_0325.png,0,forged,740,390,4.69
forged_0326.png,dataset/forged\forged_0326.png,0,forged,707,476,5.02
forged_0327.png,dataset/forged\forged_0327.png,0,forged,775,472,5.41
forged_0328.png,dataset/forged\forged_0328.png,0,forged,782,375,4.83
forged_0329.png,dataset/forged\forged_0329.png,0,forged,859,432,5.57
